id,height,width,prediction_string
00d75ad65de3,512,512,0 0.315674 eNpLiUw2TTaKtTWgBMSk5RgCAEPpD1Q= 0 0.868164 eNoLCEgxyrMIMjcYBfhBQECwMQBY+jm8 0 0.878906 eNoLTYgxjbRJNzYYnCA7P8YQAGaEIC0=
0596bfb19322,512,512,0 0.34082 eNoLjwsxyzCMsDOgP8gMzDMAAGnvGVc= 0 0.820801 eNoLiQg2zjCMsDOgFshJjzQBAPe1EXI= 0 0.822266 eNrLTg0wjTVJtjagFwiNCjECAIR1F2o= 0 0.858398 eNoLSEg2zrEKMTUYBQEB0UYAAwo0Mw==
06b972c417e7,512,512,0 0.270508 eNoLMo0ySrM1IAfkZSWaAwCfzw0X 0 0.301514 eNoLSU01sE+0NyAd5GTlmAEAo/UNNg== 0 0.309814 eNrLyMszCjfMtDMgFUQEppgAAKcDDRc= 0 0.314941 eNqLzEkxyTcMtDMgBNKDg4wB8AwJ/A== 0 0.34082 eNpLDDXJMgmzNiAGxGclmgMAAlcKaw== 0 0.36377 eNqLz7MNM8yyMyAMEhMjzAH0Jgob 0 0.467773 eNpLzYozzzQItzegBESHGgIAOGgO5Q== 0 0.480469 eNoLzokyzzUOtjGgNsg1BgBpvBJQ 0 0.495117 eNqLSY4wDzPMsjMgF6TEWAAA+XAOJg== 0 0.505859 eNqLS4k0SzeItDfABZKi4w0Bp8oIfg== 0 0.523438 eNrLyck0zDcKtDUYGBCSHG4KAOiEGjU= 0 0.552734 eNpLSQ42TjeItDfAD2Jykk0A2vAJrA== 0 0.602051 eNrLCzELMAywNyAfBEVHmQMABHoOVw== 0 0.663574 eNoLTkw3DDTMtzMgDeTmZZsCAIUlDMc= 0 0.679199 eNoLCU4zjzDMsDMgBuT4AAD95Qoc 0 0.690918 eNpLyEk0DjAMsDcgHiQkB5kAAFPiC8o= 0 0.705566 eNpLy8wxCzLMszMgB0SFpRoAANn+DdY= 0 0.727051 eNqLiokxjzFMsTMgHaQFmwEAqJMM+A== 0 0.770996 eNqLDks0TTeJtDYYbCA1M9IQAKyaHv8= 0 0.78125 eNrLCAo3TzeItDcgF0TkWgIA+AoOJg== 0 0.782715 eNpLC4g0yTIIszcgFUTlRxoDAJuNDPg= 0 0.819336 eNrLzQ0wyTYItTegBAQHxRsDAEYjDzU= 0 0.830566 eNqLCE00jTVMtjOgLsiIyjIEAGZeEqA= 0 0.834473 eNpLiswzTDGMsTMY3CAuLNMEAHZsIas= 0 0.859863 eNrLz4k0CzPKsjUgFQQGRxoCAKQYDPg= 0 0.882812 eNpLSkw1jjJMszOgHMTlZRgDAKHxEII= 0 0.884766 eNrLDA42zTcMtDOgDITHxBgBAFzTD4U= 0 0.918945 eNrLjrANM8qyNRg8IDQ83gwAzmkdgQ==
0754412b2917,512,512,0 0.281494 eNoLjEk2jzZKtTUgDeQbAwBqiQvp 0 0.310791 eNqLSI81zzEIsTegHGRkGAAAjvkQEw== 0 0.429199 eNrLiEsziDDMsDOgDogITDcDAOMoESI= 0 0.430176 eNqLzk0xzjQItzcgHqQm5RsDAFoODAg= 0 0.470703 eNoLS84wSzaOtTGgDsjKSTEAAOIVEUE= 0 0.472656 eNpLtosxTLEzoCWITQw3BwAz0BSN 0 0.484375 eNoLT4gxSzaLtTSgP8jMTzUAAG8bGXY= 0 0.505859 eNqLTQwzSjaMtTMgHyTnRZoCACKxDuU= 0 0.507812 eNqLzQ00izJMszMgFSQHJRoCAJ6NDPg= 0 0.523438 eNrLicwwzTcItDegBISkpRsCAEd+D1Q= 0 0.565918 eNoLysg3SjeItDcgH+SlJ5gAACh1DwQ= 0 0.581543 eNrLTk8zDjTMtzOgPwjNiDYGAH9DGXY= 0 0.594727 eNrLjssxCjbMtTMgF4QmppgAAA6nDpU= 0 0.810059 eNpLyMg0SDGIsTegFkgITzYDAAbYEZE=
0a10b8716b30,512,512,0 0.433105 eNoLD0o1DzLMszMgDmTaAgASHwpr 0 0.717773 eNqLTs41SjBMsDMYmSA1J9gYALmVMjQ= 0 0.822754 eNoLSM40CzfMtDOgBwiItQEAEWEWWw==
0a5be90855e3,512,512,0 0.265137 eNoLyk83yzQItzcgDeQlZBsAAIkxDMc= 0 0.271973 eNrLDU0yzTUItjfADYKjwowAuTAIzg== 0 0.288574 eNpLSc80ijJMszOgDMRkpJoAAGa0D8M= 0 0.351318 eNrLsQsxzLEzoAUISYw0BwCcIBMP 0 0.389648 eNoLjQg2zzMOsjGgBGSn2wAALFcO5Q== 0 0.419678 eNoLCo42SzGIsTegF8jLyTQAAHcLF4k= 0 0.458984 eNqLTY4wijDMsDMgDiTnxJgCACl6Cyo= 0 0.479492 eNoLyE0wDTXMtjOgBAQE5xsCAEJ/DzU= 0 0.491211 eNpLCIo2TTBMsDMgHyTEhhoBACFBDsY= 0 0.59082 eNoLT0oyyTMIsjcgDWTmBhgDAIXDDKg= 0 0.591797 eNqLibJLN4q0NRjMICU10gwA8S8g7A== 0 0.596191 eNpLSg80zTcItDcgFsRFJBsBAEAPC3o= 0 0.620605 eNqLSc43zjEIsTcgFaTEJBsDAKJ+DRc= 0 0.624512 eNpLSkgwzTCIsDcgDsTlhxgBACv7Cyo= 0 0.638672 eNpLTIs0iTJMszOgLojPDDQGAGw+EqA= 0 0.649414 eNrLCs80DDTMtzOgHIRFpJoCAKGBEGM= 0 0.651367 eNoLiswwCDfMtDMgD+SFZZoBAOm4DiY= 0 0.67041 eNoLCLAKNsy1MxiaICAh3AwAZ5Qllw== 0 0.67041 eNrLS08yzzUItjcgFQRZAACLRgxY 0 0.692871 eNrLiQkzDzbOtTGgBwhxBgD8WBYM 0 0.70752 eNpLiAkxSjaKtTUYHCAhONMEAIH0HRI= 0 0.709961 eNpLCDVMNYy2MxhKICEryQwABjYj6A== 0 0.744629 eNoLTMgwjDZMtTOgFOTHp5kCAH1mEBM= 0 0.773438 eNrLj8g3jDRMtzMgHwSGJ5oCACshDuU= 0 0.784668 eNoLjYg0zjIMszOgN8hOzzQGADX/GQc= 0 0.788086 eNrLCkoyDzbMtTMgHYTZAgCeLQyo 0 0.796387 eNqLCU0yDDbMtTOgHkiJyjIFAB+zEeE= 0 0.802734 eNpLzs4zyjMMsjOgBYgNiTYBAOZNE84= 0 0.833008 eNoLCkozjTJMszOgJsjLTTUEAEFeElA= 0 0.839844 eNqLiQoxyjCMsDOgF0hJDTAFAHl8F2o= 0 0.841309 eNrLis01yDIMszMYXCAsKM8UAIEoHq8= 0 0.84668 eNrLTQsxjDFMsTOgDgjOjDADAOITESI= 0 0.867188 eNqLDU80SzBJsDYYLCA5wxoAoywdMQ== 0 0.871094 eNoLCMgzyjCKsDWgDwhICDcBAE1GFvs= 0 0.875977 eNqLCIwwjTJMszOgFsjICzECAPjdEXI= 0 0.904297 eNrLTIsxzjQMtzMYaBAemWQMAOjhHAM= 0 0.913086 eNqLjgg3TDBKsDWgD0gNzzMFAEuIFxo= 0 0.927246 eNoLyIgxCjPOsjGgHwjISDcBAKwSF9k=
0b8029db1fb4,512,512,0 0.546875 eNrLiLMJN8y0MxgF+EBEYLQpAKmBOTs= 0 0.600098 eNqLSTNIM46yMSAfpGTGmwMAC1wOlQ== 0 0.822754 eNoLCog0yzUJtjagLciLzzMAAJj9FZw= 0 0.89502 eNrLzYkwSjKMszOgFwgOzjEBAIrmF4k= 0 0.898438 eNpLygo3jDJKszUYTCAuNMUUADuTHkA= 0 0.903809 eNpLDok0SzaMtTMgB8RmRxgCAM+iDbc= 0 0.925293 eNqLjYoxCzbNtTIYSJCcmmwAAHD+G0Q=
0d9d65340ef8,512,512,0 0.524414 eNpLzYsxizJMszOgBYgOzDUAAOLgE84= 0 0.644043 eNoLS040TDaJtTagN8iKSTQFAD55GQc= 0 0.907227 eNoLyog0yzUPtjAYniDPHQB4/Ct+ 0 0.930176 eNoLDw8xzLCIMDcYBbhAZkSKCQAA8TjM
1a54cda8f32d,512,512,0 0.2854 eNrLD8ozTDeMtDOgHQiMjTIFAFh2FN0= 0 0.568848 eNqLSA00zDUKtjUYrCAjKt0UAKGdIH0=
1bd726055ad8,512,512,0 0.450439 eNoLSDCMMUyxM6ANCAiIMAcA1sQTkA== 0 0.563965 eNoLSIgxiTVLtjQYSBCQkGwEAGvqGyU= 0 0.823242 eNqLy44yCjXOtjEYviApJdcYAIviLPs= 0 0.860352 eNpLD40wzDELsTQYiiAyK9IUAG7DJbY= 0 0.920898 eNpLCQk3zTCLsDQYziAmO8AQANWkLSw=
2136df4a5aeb,512,512,0 0.345947 eNqLDc03irJKMzUYBaNg4ECyFQATxHrw 0 0.708984 eNpLNos1S7Y0GAWkgNjIZFMAztw75w== 0 0.782227 eNoLiTUNMsyzM6AlyEkKMgcAUBIU3Q== 0 0.810059 eNpLCDaMNEy3M6AEJOTEmQMAI8oO5Q== 0 0.82959 eNoLSIgzjjDOsDEYBYMdBAREGAIAx5NSKg== 0 0.94043 eNoLD4wwijFMsTOgNsjMCzIFAIT4EvA=
214866956ea3,512,512,0 0.712402 eNpLMYwwybA2GLwgJi7DDABy+yAt
21acb908cf67,512,512,0 0.256104 eNrLsI4xTLEzGBgQERJoDgB+lhlX 0 0.851562 eNrLSQk1ijDMsDMYzCAkOskEADJSITw=
25b98e7aea78,512,512,0 0.354004 eNrLy04yCDLOszGgNggKyTADAJj4Ew8= 0 0.516602 eNoLCIg3jjRMtzMYTCAgINYYACbqHgI= 0 0.795898 eNrLCUozSDBJsDagNgjJTTEDAJEXEw8=
274aa4b29a70,512,512,0 0.26123 eNqLSDRINo61MRhsICMuywwAcwgerw== 0 0.277588 eNoLSAgwjDROtzEYBRAQkJBjAgAnQDVh 0 0.299072 eNrLCMszyDYMtTOgJojIjDUDAEshElA= 0 0.329346 eNqLCI4zyzIKszUYSJCRk2gAAGv0G0Q= 0 0.360352 eNpLDYg0zjYItTcgB0TnR5gAAM5/Dbc= 0 0.400635 eNpLTcgxCjbOtTEgHUTnp5oAALyIDYY= 0 0.598145 eNpLyUsyTDWItjfADWISQ80AuyII7Q== 0 0.633301 eNpLjIsyiTNMsjOgHMQHhhgDAJ1CEEQ= 0 0.668945 eNrLiQ01CzTKtzWgHQgJCjYEAFNpFL4= 0 0.672363 eNrLjQo3yzMIsjcgBgSnxhkCABZUCrs= 0 0.680664 eNoLtsg3CLQ3IAxyw9PMAd3WCaw= 0 0.695801 eNpLickyyDYItTcgDsQEZ5sBACxvCyo= 0 0.699219 eNrLiw02SjKIszcgBgQlJZkCABWICrs= 0 0.70752 eNoLSk4wDTLMszOgFOTF5BkCAH1UEBM= 0 0.791992 eNpLjUw3iDVMtjMgHkSH5ZoBAFecC+k=
2a4cc81cc5d6,512,512,0 0.315674 eNrLiUozSzGMsTOgLwgJtQUA/4sYSA== 0 0.318359 eNoLCIg3yjMIsjcgFwQEBJkCAAALDjg= 0 0.320068 eNoLCEgzzjEIsTcgFgQE5BsDADs3C1s= 0 0.520508 eNqLzwwzyzQItzcgBSSGxRoCAG6mDDk= 0 0.648926 eNoLCAg0jjDMsDOgDQhIiDABAPDrE+A= 0 0.664551 eNqLiUs1SjGMsTOgJ0hJjDMBAOCaGEg= 0 0.675781 eNqLScowijFMsTOgH0jJjTYBALStF/g= 0 0.677246 eNoLS0s0DzAKsDMgD2R5AgDKmA1o 0 0.794922 eNoLCMwwyDQKtzUYKBCQH2EGAP8GGmY= 0 0.811523 eNrLTAsyTTaKtTWgJwiPDDQCAOKkGCk= 0 0.865234 eNrLMIg1SrY1oC2IiA83BwBYqRTd 0 0.874023 eNqLCsgxCTPPsjAYaiAtP80QAN70JRY= 0 0.882324 eNpLSg03CjAOsDWgJYiLCjAFAG89FQ4= 0 0.898926 eNoLDUo1zDQMtzMYqSA7N9oEAP0hMoQ= 0 0.916016 eNqLD04zCzAKsDOgB0jMsQcAAygWWw==
2a9e6a294e2b,512,512,0 0.250244 eNrLjcowyjQItzcgBIJT80wA8OEKGw== 0 0.288574 eNpLDsoxzjIIszcgB8TmphoDANNDDdY= 0 0.313965 eNoLSok2DzfKtDWgLsjzBgBC9hIB 0 0.356689 eNrLSwk1yTYItTfAB4Kik4wByuYJPQ== 0 0.360352 eNrLy4wxyzCMsDOgBASFBRsCAEkWDzU= 0 0.410156 eNoLDEgxSzaMtTOgBcjPTzUAANOwE84= 0 0.430176 eNrLDDVMNoi1NxhIEJ6VZwYAQPIa9A== 0 0.438721 eNrLDk0xzDUItjcgBoRmBZoBABZ/Crs= 0 0.453369 eNqLTUwwyTUItjcgFyTHBRgDAAlFDnY= 0 0.46875 eNqLyTNIMYyxM6AMpCTGmQMARyoPVA== 0 0.472656 eNqLCMg0yDIMszMgH2TEp5sBACFRDuU= 0 0.480469 eNpLicoxizZOtTGgHogJTTAAACjbEeE= 0 0.503906 eNrLDws0zTQItzcgDwRGJhgBAOuTDgc= 0 0.507812 eNqLys0zSzOIsjcgH6QlJRoAACyjDwQ= 0 0.514648 eNrLCMg2izDKsDUYTCAi3wAAIBgd8A== 0 0.602051 eNqLDwoxTjOIsjcgDiTGJpoAACXoCws= 0 0.695801 eNpLSs02TjaItTcgHsRlZRgDAFs0DAg= 0 0.700684 eNpLjogwCzTKtzWgBMSmhxsCAEBKDzU= 0 0.764648 eNrLyIgwyjcItDfADyLS40wB3PsJrA== 0 0.770508 eNpLTc03SjOIsjcgBKKj0k0A8nUKGw== 0 0.79834 eNrLTY03STGIsTcgBIKjwo0B8TwJ/A== 0 0.818359 eNrLzsw1CjTMtzMYaBAaFmgCAPPuHAM= 0 0.88623 eNoLyAsxjTFMsTOgJQgICjYCAHdFFQ4= 0 0.93457 eNoLyoszjjVMtjMYKJAXmGQMAAuQGoU=
2ad1b19b87df,512,512,0 0.252441 eNoLzo0zyTMMsjMY3iA3KcMQADycLbo= 0 0.29248 eNqLt04xiLE3IAwSQ9LMAeAnCaw= 0 0.404541 eNoLCMg0tkuyN6AtCEiIMwYAe0wVLQ== 0 0.477539 eNrLTYo1TzSMtzMgHQTnmgAArtoNFw== 0 0.539062 eNpLy4w2CzbKtTUYnCAqzRYAVj0f3Q== 0 0.558105 eNqLT4szzjQItzcgDSRmhpgAAIc6DKg= 0 0.59082 eNrLi80yDTAMsDcgDQQFZRoCAITLDIk= 0 0.677246 eNoLCMg1DTAMsDegJggIiDcEADdgEfM= 0 0.726562 eNqLjsg2STGIsTcgF6SmpxoBAAlyDpU= 0 0.795898 eNqLDMg0yTcItDegH0iPjzYCAKxdF9k= 0 0.883789 eNqLzEwxzjQItzegDkhPyzAGAOK5EUE=
2bf7751456cd,512,512,0 0.299072 eNoLCEg3TjWJtjYYrCAgIMgYAJ2RID8= 0 0.332764 eNoLCAg1TTSMtzOgPQhICDQCAOrYFh0= 0 0.569824 eNoLSIgxCzXKtjWgJghIyDcAAEHYEjE= 0 0.631836 eNoLCIgwSjBJsDYYuiAgIcIEADxEJqY= 0 0.637695 eNoLjowwzTQLtzQYBYRBbpotAAm6Omk= 0 0.851562 eNqLDc0zSzSMtzMYKJCcZQQA82kaNQ== 0 0.858887 eNoLCo0zyjUJtjYY2iAvKtAEAOF8J4Q=
349a6a8fc66e,512,512,0 0.443604 eNrLiw40CTTJtzYYaBCUkmsEAOAnHAM= 0 0.661133 eNrLC0o3yjMNsjIYqiAoN9MYABSZJpQ= 0 0.884277 eNpLSTAONs61MaAniIkPMAcAtbMX2Q== 0 0.897949 eNrLTcg3yDCKsDUYzCA4PsMUAEA8IVs=
34bfda589476,512,512,0 0.300781 eNpLC881DDXMtjOgHERFJJoCAKGJEGM= 0 0.308105 eNrLybMPMcyxMxi8ICQxwgwAyCkgnA== 0 0.373047 eNoLCIgwiTNMsjMYaBAQkG4EAM0uG8U= 0 0.478516 eNoLCIg0jDJOszEYKSAgIMcEAOLUL0o= 0 0.663574 eNpLMs4wirA1oCeIywk2BwCIHReJ 0 0.769043 eNqLjcw1yTcOtDGgL0gOCzMCABNPGJg= 0 0.888184 eNrLCYg0SzBLsDQYbiAk3xAApQwqnw==
39b8aafd630b,512,512,0 0.765625 eNoLSIg1ijNPsjAYriAgIdsYAB+BLG0= 0 0.833008 eNpLjgo1jjVNtjKgF4hNzTcGAH2mF4k= 0 0.844727 eNoLCIgwy7EOMTEYjCAgIMkAABgLH4A=
40ac7a9fc203,512,512,0 0.515625 eNoLjzHJMI6wMaAmyEwONwcAIq8R4Q== 0 0.700684 eNoLzss1yDUMtjMYBbhBbmCWCQCjhzla 0 0.785156 eNpLCIw0zTCMsDMgDyTERRgBAOifDgc= 0 0.808105 eNqLyUowzTIIszegHkhJzTYEACeyEgA=
43c6095181fd,512,512,0 0.313965 eNpLtM4zCLI3wAbiUzLNAXJLBx8= 0 0.424316 eNpLjkwxzTEIsTcgH8SG5RgCACaPDuU= 0 0.825684 eNoLDgoxCzAKsDMYeiA31g4A2Gok2A==
47536b25b615,512,512,0 0.274414 eNqLj8gziTDMsDMgBSSmpxoBAG/ODFg= 0 0.303223 eNqLiEw0iTNMsjOgBchIyzACANelE84= 0 0.355713 eNrLyk0xyDEIsTcgBoQFBZoDABpbCrs= 0 0.418701 eNpLjA83sUuyNyAHxCdEGQMAvF0NZw== 0 0.42334 eNqLzU0zzjIIszcgDSQn5RgDAIpGDMc= 0 0.439697 eNqLSgk1CjbMtTMgB6RFx5gCAM9FDbc= 0 0.440674 eNoLy08yTDBIsDcgFWQFBJgBAKAmDPg= 0 0.46582 eNrLyQs3DzHMsTMgBoQE2gEADssKaw== 0 0.494141 eNoLjYk0ijZKtTUYmiA7OMIEALKMJgY= 0 0.49707 eNoLjgw1yjUItjcgF+SmRZsCAAFmDnY= 0 0.571777 eNqLjQ4xTTOIsjegHkgOiTACAB6fEcI= 0 0.57373 eNoLCYw2zDcItDegPsiJyzcFAKoEE18= 0 0.607422 eNqLiww3TzOIsjfAB5LSEgwAx64JPQ== 0 0.658203 eNoLyYk1tk+0NyAN5CSHmgAAc0wMWA== 0 0.672363 eNrLDkgxzTEIsTcgHYTG5xkCALjhDWc= 0 0.677246 eNqLjA4wBEJ7A+JBekiKGQBK8wur 0 0.764648 eNoLCU4wyDMIsjcgB+TkBJoDAMwjDbc= 0 0.822266 eNrLTws3TDWItjcgDgRmxpoBAC0PCyo= 0 0.825195 eNrLiYgxjjNMsjOgHggJDzABACRnEcI= 0 0.82959 eNqLCQ80zjcItDegJkjJiDIBAD6fEjE= 0 0.851074 eNrLjgkwyjCIsDegBIQmx5sCAEB0DzU= 0 0.853516 eNoLSMwyDjPMsjOgPgjIjzcGALQEE18= 0 0.859863 eNoLjwk1yTQItzegBGQmRxkDADz1DzU=
54415c6dfda4,512,512,0 0.319092 eNoLzggxyzUOtjEYKSDXHACePy7J 0 0.503906 eNqzDjAKsDOgLUiNDzcHACZWFG4= 0 0.540039 eNoLNos3TLQzGMogNzPeDAALoiaU 0 0.550781 eNoLDQs1TDOIsjcgBWRnxpkBAGdhDDk= 0 0.556641 eNoLzsg2iDNKsjUYBeSB3PBUEwAapj6T 0 0.662598 eNpLjEozyDcKtDUYuiA+NMsUAFrPJuQ= 0 0.684082 eNqLTMgxDTAOsDWgJ0iPDzcEANalGCk= 0 0.709961 eNqLjgo2SzGMsTMYeJAamm0AAA7iHFM= 0 0.775879 eNrLjU00CDPMsjMgHwQH5ZsBACf3DuU=
5631a47d5b0c,512,512,0 0.327637 eNqLyUs0SzaMtTOgB0gJTDEAAC8kFso= 0 0.864258 eNqLiIgxSzeMtDMgFWSkhxkCAJtQDPg=
564283be4af8,512,512,0 0.263672 eNozSDOKsjUYBcSDgIAUUwDYfjsJ 0 0.44751 eNoLCAgyTjBKsDWgNggIiDQBAH+iErI= 0 0.603027 eNoLiLUKMA6wNaAvCAjONAMAzvEYCg== 0 0.88623 eNqLC4swSTeMtDMgHiRFxhgDAFNCC8o=
602d24899028,512,512,0 0.443604 eNoLCEg0STOIsjegFAQE5BkBAHaiD9U= 0 0.624512 eNrLyEk0CDAMsDegHohIzjIDACDuEeE= 0 0.639648 eNoLzks2CjXMtjOgDOQmZpsAAGI6D8M= 0 0.680176 eNpLzI01TzBMsDOgBog3AgCimRAT 0 0.818848 eNqLzs0xCTLMszMgDaQmpRkBAIsrDMc=
60649906e443,512,512,0 0.354004 eNpLzE4xTTeItDcYaBAfEmUIAOyaHAM= 0 0.363037 eNoLzckwzzEMsTPABbKNAZjZB94= 0 0.414795 eNqLzskxSDaMtTMY7iA1OMoUAKaDLgo= 0 0.481445 eNrLjYwzjDNKsjWgBwhOSzcFACoAFso= 0 0.49707 eNpLC8k3zTYItTcYaBCVnW8AAOkiHCI= 0 0.549805 eNoLSUg3zLUMNjMYBaNgFIBATr4JAO0ZlZs= 0 0.660156 eNpLjMs1ijdMtDMYaBCfGGgCAOjNHAM= 0 0.745605 eNpLTTeIMMqwNRhcIDojywwAQmAeXw== 0 0.822266 eNpLiQ4xjDVKtjUYBdQCMSERJgB970HA 0 0.890137 eNpLDQ00DzPMsjMYGBBtBQCcBRlX
65e7ca00c422,512,512,0 0.291016 eNrLSE4zTTGIsTcgDCJy8g0BBX0Kig== 0 0.383057 eNpLS882STeItDegFoiKSDQCAApZEZE= 0 0.656738 eNqLSgg2CjHMsTMgDqTlJ5oCACdtCyo= 0 0.704102 eNqLS00ySjeItDcgFiRFBZkCAEGHC3o=
6a4d868ab872,512,512,0 0.332031 eNqLSTBIMEuwNBi5ICU/3xQADlAyow== 0 0.411133 eNpLzDWIN0q0NRjcID4pzQwAORAhWw== 0 0.692871 eNpLjE0ySDOMsjOgHYgPSjMDAFJEFN0= 0 0.950195 eNrLT0wxCjbLtTQYmiAwL8cYANJ3JkQ=
6aa29be63071,512,512,0 0.253174 eNoLzc02yDIMszMYCJAdFGYGAKrVGcY= 0 0.279785 eNpLyIo0zzIIszegPkhINQAApS0TDw== 0 0.291748 eNqLzEwwTTGIsTegDKSn5RkCAGKdD8M= 0 0.296631 eNoLj482zzCIsDcgH2QGmAIAE/sOdg== 0 0.312256 eNoLCMg1CzTMtzMgFgQEZBgAADztC1s= 0 0.356689 eNpLiI8xTzBIsDcgDBICrAD3AQn8 0 0.364746 eNoLT0kyCzbMtTMgFmRGBxkCAECdC3o= 0 0.396973 eNoLz4kwDjXMtjMgDDKTY00AARoKaw== 0 0.424316 eNrLSoo0DjfMtDOgDITlhpoAAGKND6Q= 0 0.492188 eNqLjE0yTjSItzcgDaQHBZoAAIRvDIk= 0 0.521484 eNrLTIk2jDDMsDOgDgjPDjQDAOJaESI= 0 0.532227 eNqLjQ43ijZMtTOgBkhOCTMFALn4ELM= 0 0.539062 eNpLSo83jDJMszMgHsRlhJgBAFiBC+k= 0 0.606934 eNpLjQ00jjDKsDUYLiA6KdoYAH3LKXE= 0 0.607422 eNpLDo0zzTMIsjcgFsRmhRkBAD9JC3o= 0 0.625977 eNoLyckyCjbMtTMgHeQkp5sAALrnDYY= 0 0.680664 eNrLDkg3iTRMtzMgBoTm5xkBABbFCto= 0 0.695801 eNoLCkgwyTMIsjcgDeTFBxsDAIAGDIk= 0 0.720215 eNoLiYwwSjKIszcgBeSkRZsCAGiXDDk= 0 0.746094 eNrLjMkyDDXMtjOgPggPTjAFALqHE18= 0 0.759277 eNrLyc0wiTdMtDMgF4QEZRgBABJNDpU= 0 0.760742 eNqLiwozyjMIsjcgBSSlxpoCAGqMDDk= 0 0.799316 eNpLS0gxCDAMsDcgHkTl55sBAFLvC+k= 0 0.80127 eNqLiwoxizNJsjagPUgKDTIEAPVdFjw= 0 0.813477 eNrLyrGINEy3M6AEhAWHmwMALvIO5Q== 0 0.827637 eNrLDMs3yTMIsjcgB4RnJhkBANahDdY= 0 0.828613 eNrLTwswTjeItDegBgiMjDUBAMD5ELM= 0 0.85791 eNrLiMsxzDQItzcgD0QEppoCAPG6DiY= 0 0.86377 eNoLtUo2jLUzoC7IDo02BwAmrxHh 0 0.919434 eNoLiMo3TjBOsDGgJwhICzEGAN3QGCk= 0 0.927734 eNrLSEs2DjAOsDUYTiAiMsMIACLpKjA=
758c0b61f9db,512,512,0 0.341553 eNrLS4g0ijNNsjKgLwjKzzQBABR9GLc= 0 0.600098 eNpLsIowzbAyoAVISI00BwCWgBMP
7b7327ccac8d,512,512,0 0.716797 eNoLDE8wyrUINjcYBZSB/Iw8IwDtT0AR 0 0.822266 eNoLSAg3yzCKsDWgNQhIyDcAAMf+Few= 0 0.839355 eNpLCLOJM0yyM6AXSMjMMAMAV5oXOQ==
8047c43b1cb2,512,512,0 0.46875 eNoLSMgzCTPKsjWgHwgICDMCALEWF7o= 0 0.769043 eNoLDo81zzYKtTWgFsj1AADYtRDT 0 0.919434 eNpLTMs0yzQMtzOgDMRnphoAAGbSD8M= 0 0.931641 eNpLTQ4xiTVMtjMYnCA6J8UIAGysIC0=
88d349bebe86,512,512,0 0.387695 eNqLiMgyjDJOszGgJ8hIjzQFAN3MGEg= 0 0.57373 eNoLD8syjDNMsjMgHWRGZpgCALYDDWc= 0 0.62793 eNrLzs41yzYMtTOgLwhNMQUACpgYZw== 0 0.954102 eNqLysgwTTKMszOgHkhLTzYEACjwEgA=
9ba29448632b,512,512,0 0.276611 eNqLT0sxyTcMtDOgFUiMTDECAC8DFI0= 0 0.342529 eNrLyEwwCzTMtzMgH0Sk5RsAACtvDwQ= 0 0.503906 eNqLjEgySTeItDegPkgPzzACALHGE18= 0 0.529297 eNoLsMszCLI3IAcEJCWaAwChEwz4 0 0.642578 eNoLi8o2CTfMtDOgLsgKTTACAGpmEqA= 0 0.677246 eNpLDQ8zyzQItzcgBkRnxBsCABQuCrs= 0 0.733887 eNqLSkwzyDUItjegH0jLizUDALGoF/g= 0 0.742188 eNoLicg3yjcItDegDsgJjzMBAN6zESI= 0 0.831543 eNoLDk42yjUMtjOgN8jNiTcBADb3GQc= 0 0.936523 eNrLTs0wDTHKsTUYLCA0KsQQANPzHYE=
a26531b79940,512,512,0 0.268066 eNrLCs80zDQMtzMgD4RFZJgCAO/EDiY= 0 0.29834 eNqLjQ02TTaMtTMYSJCclGMIAG1zG0Q= 0 0.712402 eNoLSMg1yDMIsjcYTCAgIc8UADdmHkA= 0 0.794434 eNqLzkw1STSMtzOgJkgNSzMCAEtiElA= 0 0.826172 eNpLz0gwyzMIsjegDESm5xkAAGaTD8M= 0 0.841797 eNrLyE00CTfKtDWgDohIyjYCAOfYEUE= 0 0.904785 eNrLzE0xijNMsjMYGBCeFGMCAOVmGjU=
a3ebac2db19d,512,512,0 0.260498 eNoLCLAPMA2wNqA9CEhINwMAvZwVzQ== 0 0.295898 eNoLjc8xzTIIszegPcgOiDIEAP2dFls= 0 0.39502 eNoLSY80zLQINzegFciJyDcFACXtFI0= 0 0.887695 eNpLSws1CzPMsjOgNoiKDDUEAJHJEvA= 0 0.928711 eNpLjcgzyjCKsDWgNohOjzEBAJREEw8=
a4b58c23d4c6,512,512,0 0.260498 eNrLyUkyCTLOszEY/CAkOdgIAAocImo= 0 0.695801 eNoLSAgyijNMsjOgHggIiDIFABndEaM= 0 0.804199 eNoLC84ySLaKNTUYOiArJssUAAJXI+g= 0 0.817383 eNqLT401DTfLtDSgD0jMSjcEAFeRFzk=
a9653f16e0b6,512,512,0 0.286133 eNoLzQ8yyTIIszegJ8gOCDQGAN0yGCk= 0 0.474609 eNqLDY03jzFOsTGgDCRbAQA+0w7l 0 0.680664 eNozyLIJMzagPghIiDIHAEsoEjE= 0 0.804199 eNrLDAkwSTSMtzOgBIRnxxsDAD5ADzU=
aa5761ee8eda,512,512,0 0.321777 eNqLCI83STSJtzYYriAjI9MQACKhLIw= 0 0.445557 eNoLSEg2CDAMsDegJQhISDEDAGnaFQ4= 0 0.634277 eNrLDwo0izDOsDEY7CAwN9UAAK0pIfs=
aa89285a0dbd,512,512,0 0.263672 eNoLCEg1SjBIsDcgHgQk5JsAAFEpC8o= 0 0.602051 eNoLSo0yzzUOtjGgNsizAgBm9BJQ
ac6d05ce6dd1,512,512,0 0.336426 eNrLs8w0CLc3IAyCwtLMAeJGCaw= 0 0.89502 eNoLCEg2SLWLNjQYKSAgIMkUAOt5L0o=
b36f28986045,512,512,0 0.311523 eNrLyYs0CzHMsTOgHQhJzDMAAFwpFPw= 0 0.82666 eNqLiok0TDSMtzOgPUgLzjUFAPTGFls= 0 0.834961 eNpLCEkwSDBMsDOgL0iITjYDAApYGJg= 0 0.842773 eNoLSM8xzTIJszagNQiIjDIEANMZFew=
b5e5e2970afb,512,512,0 0.253174 eNoLycw2TzeItDdABTluAFT2BhE= 0 0.256104 eNoLTM8yzzYItTdAB/kWAGBmBmA= 0 0.264404 eNozyzCIsDfABrLyM80BZjYGzw== 0 0.362061 eNoLiLYIMcmxNhgFlICA0HBTAP0jPxQ= 0 0.415771 eNrLSc4yzjIMszOgLgjJSTAGAHTFEr8= 0 0.429199 eNrLSsszzjEIsTfAD8IyM4wB4LUJyw== 0 0.437744 eNrLjUwwTzaMtTOgBAS7AQAndg6W 0 0.46875 eNpLzkg2ijdMtDOgHYhNTzEBAFjEFPw= 0 0.485352 eNqLzI4wTjeItDcgDNJTYk0AAWcKaw== 0 0.489258 eNoLiI80yjEIsTcgHwQEhpsCAB7CDqc= 0 0.527344 eNoLSMgytE61NyANBARkmgIAcZ4MOQ== 0 0.565918 eNoLSIgzzjCIsDcgHQQEhJgAALO8DSk= 0 0.600098 eNpLjkgySjeItDcgDsSGB5sCACojCws= 0 0.613281 eNqLzQ4wDDfMtDMgBySHJJoBANBBDbc= 0 0.65332 eNpLSk8zTTWItjcgFsRF5BkCAEQ/C5k= 0 0.658203 eNoLCIgwizZMtTOgJwgIyDEAAM+uGAo= 0 0.686035 eNqLCko0yjcItDcgH6TF5psAACDTDuU= 0 0.720215 eNpLTE02TDOIsjcgF8RH5ZoCAAt+DpU= 0 0.754883 eNpLCU4wSjeItDcgDsTEhJoCACkJCws= 0 0.773438 eNrLC0g0jjVMtjMgDILiQ00AAXgKTA== 0 0.794434 eNqLD8o3SzeOtDEYSJCYawAAXH8a9A== 0 0.827148 eNrLicg0DjAMsDegDISEpxkDAFw8D4U= 0 0.836426 eNoLzE0zSTSMtzMgBeQH5RoBAG+rDFg= 0 0.845215 eNpLiA0zizVKtjUYvCAhKMkAAOf5IM0= 0 0.845703 eNpLCgo0TTaMtTMgB8TlJhgBAMzGDbc= 0 0.872559 eNqLTs0xjjFMsTMgF6RGpRgDAAyxDpU= 0 0.88916 eNrLiMgwCTPOsjEYjCAiPdAIADTgH74= 0 0.890137 eNrLSck3STGMsTOgJgiJjjECAFK2ElA= 0 0.896484 eNpLzIwwjjNMsjOgBMSHhZsAAEOeDzU=
b8db704134ac,512,512,0 0.269775 eNpLTgk2iTFMsTOgDYjNDjUGAAFzFB4= 0 0.309814 eNoLCk8xzDcItDcgDPIigswA/i8KTA== 0 0.319092 eNqLywoyyzcItDcgDySlxhkCAO04DiY= 0 0.411133 eNpLTck0zzEIsTfABqKtAXx8Bx8= 0 0.462891 eNoLzks2zzIIszcgBHIDjQHlkgms 0 0.522461 eNrLDEw1TTSItzcgFoTn5RsCAEEnC5k= 0 0.587891 eNrLygs2CjPMsjOgPQhLDDIFAAD9Fls= 0 0.654785 eNoLCok3jjDMsDOgFsjLzjUGAPm6EZE= 0 0.699219 eNoLCsg0ijFMsTMgDPLic00A/h8Kaw== 0 0.81543 eNpLTQsxDTAKsDOgFERHRhkBAHdTD9U= 0 0.816895 eNqLyEg2DDAKsDOgHshIzzAFABttEeE= 0 0.831543 eNoLjMs0zjUMtjOgJ8hPjDIGAN3uGEg= 0 0.855469 eNpLzco1CDTKtzWgJogOjTMDAFA/ElA=
bdf18b8fa3ed,512,512,0 0.30249 eNoLzk82yTEIsTcgH+Qm5BgBACf5DwQ= 0 0.381104 eNqLTksxTTSItzcgBqRGBhoBABdICrs= 0 0.388672 eNoLSAwwTTBMsDMYOBCQn28IADHoGtU= 0 0.49707 eNqLiEgyDTbMtTMgFWSkBxgBAJxFDPg= 0 0.582031 eNrLCAoyyzYKtTWgHETExhgCAJolEEQ= 0 0.655762 eNpLCk4yyDIIszcgF8Tl5JkBAAazDpU= 0 0.744629 eNqLyco1izdKtDXAD1JSMw0A32cJyw== 0 0.818848 eNpLCwo0CzLMszMgDKJiUw0B/iIKTA== 0 0.820312 eNqLiUs3yzYItTegHUgJTDQAAFUBFN0= 0 0.885742 eNqLSAk3DzbMtTOgHcjINgAAOu4UjQ==
d3bab0895723,512,512,0 0.26123 eNrLCc4xCzTMtzMgF4TkpBgAAA0dDpU= 0 0.262939 eNoLic01SjBMsDOgLcgJijIBAKVWFZw= 0 0.29834 eNoLCIg0tEuyNyAMAhJizQDriwnd 0 0.338135 eNrLTIs1yzCKsDUY6iA80hAAKdknow== 0 0.360352 eNoLSDBKM4qyNRhcICAg0wwAMmUeIQ== 0 0.395996 eNrLiAowDDbKtTUgH0SEJpgBACFsDsY= 0 0.422607 eNrLS4wzzTEIsTcgHQTlBRsBALw6DWc= 0 0.464844 eNoLTk82ijJMszMgDeRm5JsAAIXcDMc= 0 0.586914 eNrLD8w3STWItjcgDwTGJRkBAPGyDiY= 0 0.598145 eNpLyAs3TTBMsDOgNUgIzDcEANROFgs= 0 0.675781 eNpLTgs0CTbMtTMYrCA2Mt0IAKrWIH0= 0 0.712402 eNoLz0kzDjXMtjOgPshMTjYGALl5E34= 0 0.778809 eNoLzDJKNoi1N6AdyE8NNQcAKrQUjQ== 0 0.827148 eNpLtI03SrQ1oC2IDwo3BwBbCxTd
d74fdf0b9924,512,512,0 0.397949 eNpLTEo0jzDKsDUgB8TbAgC5MQ0X 0 0.449463 eNoLDkkyzjIIszcgBuRmB5sAABIUCrs= 0 0.454346 eNoLSIg2zDMMsjMgHQQEhJsBALKjDSk= 0 0.456055 eNpLTgg3STOMsjOgBoiNDzMGAL33ELM= 0 0.466797 eNoLSAgxTzOMsjOgFghIsAAA6JoRAw== 0 0.519531 eNpLjUo3zjUItjcgBKJT840B76EKGw== 0 0.527344 eNoLSMgwTzaItTfABQISDACehAgP 0 0.618652 eNoLTMo3yTQItzcgDeTnJhsBAId5DMc= 0 0.630859 eNrLTbXIMgizN6AdCM7KNwMANhsUrA== 0 0.655762 eNoLDQ83CzTMtzOgHciOCDQEAEj2FL4= 0 0.675781 eNoLC401DDTMtzOgHGRFBZoBAJdMEEQ= 0 0.680176 eNpLiE02SjWMtjMgFyQk5ZoAAAl2DpU= 0 0.789062 eNoLiU0ySzeMtDOgJshJyjQAAETKElA= 0 0.829102 eNpLCjNJNoy1MyAexEUmmAMAQSELeg==
da1c6d6657e9,512,512,0 0.290283 eNoLyswyjzJMszNAB3lmAGCRBmA= 0 0.838867 eNoLzIkxDjAMsDegLchPzjIGAJe8FZw= 0 0.849609 eNpLzIszjjNMsjOgPYhPTDcGAAKNFno= 0 0.897949 eNrLSLAJNMq3NRi5ICI/2RQAJloyow== 0 0.924316 eNoLzEkwCDXMtjOgPchPTjUDAPp7Fno= 0 0.950195 eNpLSE0wSzaMtTOgJUiISjcAAH/zFUw=
db03a1487798,512,512,0 0.263672 eNoLDMgwyDIMszOgNcjPjzMDAMbZFgs= 0 0.503906 eNozSLaMNTMgBwQEJJkDAInGDIk= 0 0.721191 eNoLyEozSDaJtTagLghISzEDAGq8EqA= 0 0.95752 eNqLDIs3jTdKtDWgFUjPzDQEACULFI0=
dc03d69afd95,512,512,0 0.291016 eNrLNwg2yrU1oBYIzI8xBwDGmhDS 0 0.466797 eNozSDOIsjegFggIiDUHAKJfEEQ= 0 0.766113 eNrLtsgzCrI1oD4IDY8yBwB01RKg 0 0.769043 eNoLCMgzy7COMDEYFAAA9KAblA== 0 0.862793 eNoLCMg3zLCKMDUYqiAgIMkEAADjJlY=
dd690b7d9a47,512,512,0 0.301514 eNoLio00SjOKsjUgDuQFxZgCACZKCws= 0 0.476562 eNrLyAwyzjCMsDMgBkSEJZsAABakCrs= 0 0.480469 eNqLTo40DzfKtDWgBUi1AQCy9BMP 0 0.651367 eNrLiQ41DjAOsDWgFghJCTcBAPckEVM=
e283ea6e3f7b,512,512,0 0.392334 eNqLSQ41TTaMtTMgBaTExBkBAGxVDDk= 0 0.602051 eNrLNs01CbY2IAWEZiWbAwBHAAuZ 0 0.905762 eNrLT8wyCbTNNzIYWBCYF2IEALqdG7M=
f1af97caff9d,512,512,0 0.371094 eNoLSEg3TDSOtzEYPCAgINQUAPjNHbI= 0 0.556641 eNqLTMkyDDTOtzGgBkiPTjYFAMESENI= 0 0.88623 eNrLT8oyiDRMtzOgHwjMjTQDAL0wF/g=
f38f2f72a1b7,512,512,0 0.283691 eNoLSEg0TDaItTcgHgQEBJsBAFMhC6s= 0 0.303223 eNoLTEgxs0mxN6AE5MdnGwAAKj0PBA== 0 0.348633 eNpLjw42DTbMtTOgBohMiTICALydELM= 0 0.425293 eNqLTE8wTzSItzfAB9IjzAHA4Qjt 0 0.435059 eNoLzMswzzcMtDPADQCYHgee 0 0.494141 eNpLDA00CjLOszGgHMRHxZoCAJdSEEQ= 0 0.5 eNpLTY43izZMtTOgDETn5BsAAGQ3D8M= 0 0.519531 eNoLTU41zjCMsDMgFWTH5BoDAJ6vDRc= 0 0.594727 eNoLD0k0zjQItzfABzKzw0wAxtYJPQ== 0 0.604004 eNoLtc82CLU3IAyyA9LMAd8/Caw= 0 0.608398 eNpLzggwizNMsjOgJogNjzYEAEchEjE= 0 0.662598 eNrLCE42SzaJtTYYSiAixwAAMP0j6A== 0 0.695801 eNqLiUswSDOIsjcgD6QEBpoDAOtODgc= 0 0.697754 eNoLzc81yjIIszcgHmQnpJkAAFrcDAg= 0 0.712402 eNoLTMo0yjIIszcgDeTnZpoAAIXDDMc= 0 0.720215 eNoLSIg2zjQItzcgBQQkRJgAAGmbDBo= 0 0.744629 eNpLSo01jTdMtDMgB8RFhRgBANQhDbc= 0 0.764648 eNrLN8g2CLU3wAcC89PNAa1KCJ0= 0 0.805664 eNqLCssyCjXMtjMgBaRlZpoAAG0XDFg= 0 0.810547 eNqLN08zirI1oAQkZsSbAwAN1w6V 0 0.819336 eNrLyMowjjNMsjOgHESkphoDAKc/EII= 0 0.835449 eNrLiIk0jTDKsDWgNohIDjQCAJASEvA= 0 0.840332 eNqLDgo1ijDMsDOgHKTGRpoCAJXjEEQ= 0 0.845703 eNqLiY43izJMszMgDaSEhBgCAISaDIk= 0 0.845703 eNpLzQs2zjYItTcgDUQnxpsAAIfjDKg= 0 0.856934 eNoLzM0zTjBKsDWgP8hPCjYGAHmfGXY= 0 0.872559 eNoLCw41SzOMsjMgFWTlxBoCAJgwDPg= 0 0.875977 eNpLyMk0izVKtjUYWJCQbAoAnTcbYw== 0 0.884277 eNoLTE8wyTCIsDcgF+RHBBgDAAe1DnY= 0 0.88623 eNpLjs4xDTTMtzOgDogNSTQEAOQHESI= 0 0.887695 eNqLyYowCTTKtzUYaJASmmYEAOJHHAM= 0 0.922363 eNpLjk03DDTMtzOgBMQmZZgCAESSD1Q= 0 0.930664 eNoLjU43iDRMtzOgN8hOiTYDADx7GQc= 0 0.936523 eNoLiQw2TjOKsjWgJchJCzEBAG/0FS0= 0 0.941895 eNrLjUw3zDcMtDMYWBAcFmEKALHzG5Q= 0 0.955566 eNpLDc80TjeKtDWgBYjOSDAGAN5DE84=
f406fdba08f4,512,512,0 0.257568 eNoLNss2CrU1oD7IjYwyBwBrxRKg 0 0.449463 eNoLjE8zzDMIsjegF8hPiDMFAH6gF4k= 0 0.498047 eNoLTIg2izDKsDUYLCA/PtEAALugHYE= 0 0.694336 eNpLyE0wzTUItjegBCQE5RsCAEd6D1Q= 0 0.942871 eNrLjE43DTfMtDOgNQhPiTcEANayFgs=
f45a29109ff5,512,512,0 0.418701 eNpLi0w1SDaKtTWgF4hKizcDAIRLF4k= 0 0.642578 eNoLickxjTNKsjUgH+QEpxgCACVrDuU=
f4c6166d1039,512,512,0 0.53125 eNoLSAg1y7IJMzYY7CAgIdEAAKRNIdw= 0 0.600098 eNpLCQkyTzBNsDKgL4iJNgQA8BQYKQ== 0 0.675781 eNqLNgsyyrM1IAxSI9PMAd6WCaw= 0 0.932617 eNqLiQ00CTLKszUYmiAlKMEIALP4JgY= 0 0.93457 eNrLy04xSTaMtTMY2iAoJcsQAA8kJ8I= 0 0.940918 eNpLTA81DjPOsjEYeSA+I8cIAOdlMXU=
f6afc2903670,512,512,0 0.486328 eNqLt4s3TLQzoBVITIwwBwDjaRPO 0 0.523438 eNrLSUkwzjEIsTegPgjJzjQGALwiE34= 0 0.658203 eNoLDQg3CTbMtTMgH2THRxoDABxxDsY= 0 0.810547 eNoLSAgzTTKKszWgBQhICDYCANL0E5A= 0 0.84375 eNrLSM01iTRMtzMgFUREpRoBAKU/DRc= 0 0.87793 eNoLSAgzzjQNtzIYeBAQkGEMAAvAHDQ=
f86347534ec1,512,512,0 0.256836 eNoLjE0zDzHMsTMgDPKNAOuiCaw= 0 0.269775 eNpLSkowSjGIsTfADeJyw00BuRMI7Q== 0 0.293457 eNqLCAs3SzaMtTMYzCAjM8EAACBcITw= 0 0.320068 eNoLyY02DjHMsTOgNcgJyjYGAM+zFgs= 0 0.40918 eNqLyQowCTfMtDMgF6SEJhgDAAcTDnY= 0 0.454346 eNoLSIgwjzFOsTGgLggIMAYAUcYSEg== 0 0.493164 eNqLjgk3zzUMtjOgLUg1BgB12hTd 0 0.510742 eNoLDss2zDMIsjcgBuRmZpkCABPwCto= 0 0.554688 eNqzCDAMsDegBGTkx5sDAOuZDiY= 0 0.577637 eNoLss4zCLI3IBbkpaSYAwAYnwra 0 0.633301 eNpLCEoxDTHOsTEYSSAh1x4Aj+Yv9w== 0 0.656738 eNqLiwoyyzYItTcgDySFxhsCAOjiDgc= 0 0.663574 eNoLj88wyjCIsDcgDDID8kwAAXUKaw== 0 0.689941 eNrLjI4yzDIMszMgFYSnRJgBAJ47DPg= 0 0.72168 eNpLi40wSTBMsDOgN4hKyjICAEBRGQc= 0 0.733398 eNqLzQkwCzfKtDWgFCQHxxkCAH6OD/Q= 0 0.746094 eNrLSc00TjBKsDWgJwiJijIGAO1gGEg= 0 0.749023 eNqLCA8wizFMsTMgHWREJBkCALFfDUg= 0 0.755859 eNoLyI02DjPKsjUY/iAgOcsIAOuqLlo= 0 0.787109 eNqLi0g1jDZMtTOgBUhKTzEFANnNE84= 0 0.79834 eNrLTYwyzzQMtzOgNgi2AwBu5xJQ 0 0.808105 eNpLSM40CDHMsTPABRJi8s0AqVAInQ== 0 0.829102 eNoLiU42izDMsDOgBchJSTMAANhTE84= 0 0.958008 eNpLCwwwSTBMsDOgP4iKCzIGAGe0GTg=
faba1bf818ae,512,512,0 0.350342 eNrLyYowCzTNtzKgJwgJzTYAAOkrGEg= 0 0.402588 eNozTLSINzegN8jPDzIHALYPF/g= 0 0.575684 eNpLi84wTDOMsjOgHESFpJkCAKFgEGM= 0 0.734863 eNoLSEgwCTANsDYYGBAQkGgEAMF7Gdg=
